{
  "uuid": "3a4844f7-d7b1-34d9-ade3-5815f16c8207",
  "starterPrompted": true,
  "starterLocked": false,
  "starterSelected": true,
  "starterUUID": "88bbd7cd-0eb6-4fb2-82aa-699ae73d2b66",
  "keyItems": [],
  "extraData": {},
  "advancementData": {
    "totalCaptureCount": 8,
    "totalEggsHatched": 0,
    "totalEvolvedCount": 1,
    "totalBattleVictoryCount": 3,
    "totalPvPBattleVictoryCount": 0,
    "totalPvWBattleVictoryCount": 3,
    "totalPvNBattleVictoryCount": 0,
    "totalShinyCaptureCount": 0,
    "totalTradedCount": 0,
    "totalTypeCaptureCounts": {
      "normal": 3,
      "fairy": 1,
      "ground": 1,
      "dark": 1,
      "electric": 1,
      "bug": 1,
      "poison": 1,
      "fire": 1
    },
    "totalDefeatedCounts": {
      "cobblemon:pidgey": 1,
      "cobblemon:miltank": 1,
      "cobblemon:zigzagoon": 1
    },
    "aspectsCollected": {}
  }
}