{"stats":{"minecraft:custom":{"minecraft:interact_with_furnace":44,"minecraft:mob_kills":5,"minecraft:interact_with_crafting_table":26,"minecraft:interact_with_grindstone":1,"minecraft:leave_game":2,"minecraft:time_since_death":45941,"minecraft:sleep_in_bed":12,"minecraft:time_since_rest":3909,"minecraft:sprint_one_cm":567687,"minecraft:damage_taken":3079,"minecraft:walk_one_cm":387263,"minecraft:drop":19,"minecraft:damage_dealt":1261,"minecraft:swim_one_cm":25637,"minecraft:fly_one_cm":449489,"minecraft:open_chest":31,"minecraft:crouch_one_cm":7159,"minecraft:play_time":283088,"minecraft:deaths":8,"minecraft:sneak_time":2659,"minecraft:walk_under_water_one_cm":8977,"minecraft:jump":2249,"minecraft:walk_on_water_one_cm":19655,"minecraft:total_world_time":283088,"minecraft:fall_one_cm":43561},"minecraft:crafted":{"minecraft:smooth_stone":2,"minecraft:oak_planks":68,"minecraft:stone_shovel":1,"minecraft:cooked_chicken":2,"cobblemon:pc":1,"minecraft:furnace":2,"minecraft:copper_ingot":6,"minecraft:stone":2,"minecraft:stone_axe":1,"minecraft:air":0,"minecraft:glass":95,"cobblemon:healing_machine":1,"minecraft:iron_ingot":28,"minecraft:stone_pickaxe":3,"minecraft:chest":2,"minecraft:white_bed":1,"securitycraft:sc_manual":1},"minecraft:broken":{"minecraft:stone_pickaxe":1,"minecraft:stone_shovel":1},"minecraft:dropped":{"minecraft:stone_hoe":1,"minecraft:stone_shovel":1,"minecraft:hay_block":23,"cobblemon:poke_ball":11,"minecraft:glass":2,"minecraft:stone_pickaxe":2,"securitycraft:sc_manual":1},"minecraft:mined":{"minecraft:oak_fence":1,"minecraft:grass_block":35,"minecraft:poppy":1,"minecraft:chest":2,"minecraft:lectern":1,"minecraft:cobblestone":2,"minecraft:glass":5,"minecraft:tall_grass":16,"minecraft:grindstone":1,"minecraft:oak_planks":67,"minecraft:diorite":5,"minecraft:hay_block":46,"minecraft:furnace":2,"minecraft:iron_ore":9,"minecraft:andesite":11,"minecraft:pumpkin":4,"minecraft:yellow_bed":1,"minecraft:bookshelf":4,"minecraft:dirt_path":2,"minecraft:grass":97,"minecraft:oak_log":58,"minecraft:coal_ore":55,"minecraft:iron_bars":2,"minecraft:sand":118,"minecraft:dirt":25,"minecraft:stone":70,"minecraft:oak_leaves":67},"minecraft:used":{"minecraft:stone_sword":26,"minecraft:stone_shovel":156,"minecraft:stone_pickaxe":157,"minecraft:oak_planks":149,"minecraft:chest":3,"minecraft:stone_hoe":113,"minecraft:dirt":65,"minecraft:crafting_table":1,"minecraft:white_bed":1,"cobblemon:healing_machine":1,"minecraft:glass":92,"minecraft:bread":1,"cobblemon:pc":1,"minecraft:stone_axe":197,"minecraft:oak_sapling":5,"minecraft:furnace":2,"minecraft:yellow_bed":1,"minecraft:cooked_beef":21},"minecraft:killed":{"minecraft:creeper":1,"minecraft:skeleton":2,"minecraft:zombie":2},"minecraft:killed_by":{"minecraft:skeleton":2,"minecraft:creeper":1,"minecraft:zombie":2},"minecraft:picked_up":{"minecraft:leather_chestplate":2,"minecraft:feather":2,"minecraft:cooked_beef":87,"minecraft:chicken":4,"minecraft:andesite":11,"minecraft:leather":6,"minecraft:potato":29,"minecraft:oak_log":136,"minecraft:yellow_bed":1,"minecraft:gunpowder":3,"minecraft:dirt":182,"minecraft:raw_copper":60,"minecraft:glass":44,"minecraft:bone":3,"minecraft:apple":11,"minecraft:wheat_seeds":21,"minecraft:iron_ingot":7,"minecraft:grindstone":2,"cobblemon:oran_berry":2,"minecraft:beef":6,"minecraft:stone_pickaxe":3,"minecraft:rabbit":1,"minecraft:lectern":1,"minecraft:chest":1,"minecraft:oak_planks":66,"minecraft:stone_hoe":4,"minecraft:iron_boots":1,"minecraft:furnace":4,"minecraft:egg":3,"minecraft:book":12,"minecraft:raw_iron":9,"minecraft:stick":8,"minecraft:pumpkin":8,"minecraft:copper_ingot":114,"minecraft:oak_fence":3,"minecraft:torch":97,"minecraft:dandelion":1,"minecraft:porkchop":2,"minecraft:sand":143,"cobblemon:persim_berry":3,"minecraft:diorite":10,"minecraft:stone_shovel":6,"minecraft:stone_sword":4,"minecraft:arrow":2,"minecraft:rotten_flesh":3,"cobblemon:poke_ball":55,"minecraft:stone_axe":3,"minecraft:hay_block":41,"minecraft:iron_helmet":1,"minecraft:bread":10,"minecraft:emerald":6,"minecraft:oak_sapling":9,"minecraft:obsidian":5,"minecraft:mutton":5,"minecraft:iron_bars":2,"minecraft:coal":82,"minecraft:white_wool":4,"minecraft:cobblestone":65}},"DataVersion":3465}