{"stats":{"minecraft:custom":{"minecraft:interact_with_furnace":8,"minecraft:mob_kills":20,"minecraft:interact_with_crafting_table":22,"minecraft:leave_game":1,"minecraft:time_since_death":138875,"minecraft:sleep_in_bed":9,"minecraft:time_since_rest":15262,"minecraft:sprint_one_cm":242733,"minecraft:damage_taken":2308,"minecraft:walk_one_cm":506957,"minecraft:drop":7,"minecraft:damage_dealt":2547,"minecraft:swim_one_cm":8835,"minecraft:fly_one_cm":65701,"minecraft:open_chest":20,"minecraft:play_time":233070,"minecraft:deaths":10,"minecraft:sneak_time":28,"minecraft:walk_under_water_one_cm":18322,"minecraft:jump":638,"minecraft:walk_on_water_one_cm":15696,"minecraft:total_world_time":233070,"minecraft:fall_one_cm":9773},"minecraft:crafted":{"minecraft:wooden_sword":1,"minecraft:oak_planks":70,"minecraft:stone_shovel":1,"minecraft:cooked_porkchop":3,"minecraft:crafting_table":3,"minecraft:wooden_pickaxe":1,"minecraft:furnace":2,"minecraft:diorite_stairs":12,"minecraft:birch_planks":118,"minecraft:cooked_mutton":7,"minecraft:stick":24,"minecraft:stone_pickaxe":9,"minecraft:andesite_stairs":64,"minecraft:chest":4,"minecraft:white_bed":1,"minecraft:granite_stairs":96},"minecraft:broken":{"minecraft:stone_pickaxe":7,"minecraft:stone_shovel":1},"minecraft:dropped":{"minecraft:wheat_seeds":1,"minecraft:feather":1,"minecraft:rotten_flesh":4,"minecraft:torch":44},"minecraft:mined":{"minecraft:crafting_table":1,"minecraft:torch":2,"minecraft:granite":171,"minecraft:grass_block":11,"minecraft:cobblestone":2,"minecraft:copper_ore":6,"minecraft:tall_grass":15,"minecraft:diorite":89,"minecraft:wall_torch":4,"minecraft:birch_log":30,"minecraft:birch_leaves":4,"minecraft:andesite":104,"minecraft:grass":42,"minecraft:coal_ore":22,"minecraft:oak_log":34,"minecraft:gravel":50,"minecraft:dirt":123,"minecraft:stone":580,"minecraft:granite_stairs":2,"minecraft:oak_leaves":6},"minecraft:used":{"minecraft:diorite_stairs":12,"minecraft:cooked_mutton":3,"minecraft:stone_sword":87,"minecraft:granite_stairs":98,"minecraft:stone_shovel":181,"minecraft:stone_pickaxe":976,"minecraft:chest":4,"minecraft:leather_boots":1,"minecraft:torch":26,"minecraft:dirt":34,"minecraft:mutton":2,"minecraft:crafting_table":3,"minecraft:white_bed":1,"minecraft:granite":13,"minecraft:stone_axe":56,"minecraft:wooden_sword":11,"minecraft:cobblestone":2,"minecraft:beef":1,"minecraft:oak_sapling":1,"minecraft:furnace":2,"minecraft:andesite_stairs":16,"minecraft:andesite":7},"minecraft:killed_by":{"minecraft:skeleton":2,"minecraft:creeper":1,"minecraft:spider":2,"minecraft:zombie":1,"minecraft:enderman":1},"minecraft:killed":{"minecraft:pig":1,"minecraft:sheep":6,"minecraft:zombie":2,"minecraft:chicken":6,"minecraft:enderman":1,"minecraft:cow":4},"minecraft:picked_up":{"minecraft:birch_log":60,"minecraft:crafting_table":1,"minecraft:feather":7,"minecraft:chicken":11,"minecraft:andesite":103,"minecraft:leather":8,"minecraft:granite_stairs":2,"minecraft:flint":9,"minecraft:oak_log":34,"minecraft:dirt":132,"minecraft:raw_copper":23,"minecraft:leather_boots":2,"minecraft:bone":4,"minecraft:apple":1,"minecraft:wheat_seeds":2,"minecraft:beef":6,"minecraft:stone_pickaxe":2,"minecraft:light_gray_wool":1,"minecraft:oak_planks":16,"minecraft:egg":13,"minecraft:stick":12,"minecraft:torch":183,"minecraft:gravel":48,"minecraft:porkchop":6,"minecraft:diorite":89,"minecraft:grass_block":1,"minecraft:stone_sword":2,"minecraft:arrow":2,"minecraft:rotten_flesh":5,"minecraft:stone_shovel":2,"cobblemon:poke_ball":123,"minecraft:stone_axe":2,"minecraft:granite":169,"minecraft:gray_wool":2,"minecraft:oak_sapling":1,"minecraft:coal":22,"minecraft:mutton":13,"minecraft:white_wool":7,"minecraft:cobblestone":619}},"DataVersion":3465}