{"stats":{"minecraft:killed_by":{"minecraft:skeleton":1,"minecraft:creeper":1},"minecraft:mined":{"minecraft:grass":17},"minecraft:picked_up":{"minecraft:wheat_seeds":4},"minecraft:custom":{"minecraft:time_since_rest":33845,"minecraft:crouch_one_cm":1032,"minecraft:sprint_one_cm":10534,"minecraft:play_time":35699,"minecraft:deaths":2,"minecraft:damage_taken":585,"minecraft:walk_one_cm":39356,"minecraft:sneak_time":297,"minecraft:jump":67,"minecraft:damage_dealt":36,"minecraft:leave_game":11,"minecraft:time_since_death":33812,"minecraft:total_world_time":35699,"minecraft:fall_one_cm":1581,"minecraft:fly_one_cm":14274},"minecraft:used":{"minecraft:creeper_spawn_egg":1,"securitycraft:blast_furnace_mine":1,"securitycraft:floor_trap":1,"securitycraft:sentry":1,"minecraft:torch":2,"securitycraft:remote_access_mine":1}},"DataVersion":3465}