{"stats":{"minecraft:used":{"minecraft:creeper_spawn_egg":1,"securitycraft:floor_trap":1,"securitycraft:sentry":1},"minecraft:custom":{"minecraft:jump":42,"minecraft:time_since_rest":13148,"minecraft:damage_dealt":26,"minecraft:damage_taken":585,"minecraft:crouch_one_cm":56,"minecraft:leave_game":6,"minecraft:play_time":15002,"minecraft:sprint_one_cm":6778,"minecraft:time_since_death":13115,"minecraft:walk_one_cm":10784,"minecraft:deaths":2,"minecraft:sneak_time":22,"minecraft:total_world_time":15002,"minecraft:fall_one_cm":1581,"minecraft:fly_one_cm":11605},"minecraft:picked_up":{"minecraft:wheat_seeds":2},"minecraft:killed_by":{"minecraft:skeleton":1,"minecraft:creeper":1},"minecraft:mined":{"minecraft:grass":17}},"DataVersion":3465}