{"stats":{"minecraft:mined":{"minecraft:granite":4,"minecraft:grass_block":17,"minecraft:furnace":1,"minecraft:iron_ore":55,"minecraft:fire":1,"minecraft:andesite":58,"cobblemon:medicinal_leek":7,"minecraft:stone":362,"minecraft:crafting_table":4,"minecraft:torch":11,"minecraft:tall_grass":15,"minecraft:copper_ore":30,"minecraft:cobblestone":1,"minecraft:lapis_ore":5,"minecraft:oak_planks":12,"minecraft:diorite":67,"minecraft:wall_torch":5,"cobblemon:persim_berry":1,"minecraft:grass":56,"minecraft:oak_log":84,"minecraft:coal_ore":48,"minecraft:dirt":29,"minecraft:oak_leaves":152},"minecraft:killed":{"minecraft:witch":1,"minecraft:spider":4,"minecraft:skeleton":3,"minecraft:pig":1,"cobblemon:pokemon":4,"minecraft:creeper":1,"minecraft:sheep":3,"minecraft:zombie":9,"minecraft:cow":2},"minecraft:custom":{"minecraft:mob_kills":29,"minecraft:interact_with_crafting_table":43,"minecraft:fill_cauldron":4,"minecraft:leave_game":19,"minecraft:time_since_death":606,"minecraft:sprint_one_cm":509171,"minecraft:walk_one_cm":628627,"minecraft:damage_blocked_by_shield":240,"minecraft:drop":109,"minecraft:play_time":401474,"minecraft:deaths":18,"minecraft:sneak_time":6025,"minecraft:walk_under_water_one_cm":1585,"minecraft:jump":3977,"minecraft:walk_on_water_one_cm":9401,"minecraft:total_world_time":401474,"minecraft:interact_with_furnace":43,"minecraft:sleep_in_bed":13,"minecraft:time_since_rest":629,"minecraft:damage_taken":6090,"minecraft:damage_dealt":4730,"minecraft:swim_one_cm":19984,"minecraft:fly_one_cm":1072708,"minecraft:open_chest":83,"minecraft:crouch_one_cm":19117,"minecraft:fall_one_cm":95747},"minecraft:killed_by":{"minecraft:creeper":4,"minecraft:spider":2,"minecraft:enderman":1,"minecraft:skeleton":7,"minecraft:zombie":1,"minecraft:witch":1},"minecraft:crafted":{"minecraft:smooth_stone":2,"minecraft:oak_planks":328,"minecraft:leather_leggings":4,"minecraft:leather_boots":4,"minecraft:furnace":1,"minecraft:stone":2,"minecraft:iron_bars":16,"minecraft:glass":9,"minecraft:hopper":1,"minecraft:polished_diorite":56,"minecraft:iron_axe":1,"minecraft:stone_pickaxe":2,"minecraft:chest":2,"minecraft:iron_door":3,"cobblemon:pasture":1,"cobblemon:roasted_leek":4,"minecraft:cooked_porkchop":2,"minecraft:crafting_table":2,"cobblemon:pc":1,"minecraft:copper_ingot":57,"minecraft:leather_helmet":5,"minecraft:air":0,"securitycraft:door_indestructible_iron_item":1,"cobblemon:healing_machine":1,"minecraft:shield":1,"minecraft:stick":20,"minecraft:iron_ingot":31,"minecraft:leather_chestplate":4,"minecraft:iron_pickaxe":1,"minecraft:white_bed":2,"minecraft:torch":20},"minecraft:broken":{"minecraft:stone_hoe":1,"minecraft:stone_pickaxe":4},"minecraft:picked_up":{"minecraft:crafting_table":4,"minecraft:wheat":7,"minecraft:chicken":7,"minecraft:leather_leggings":7,"minecraft:golden_pickaxe":2,"minecraft:diamond_sword":2,"minecraft:shield":1,"minecraft:string":19,"minecraft:raw_copper":137,"minecraft:iron_axe":1,"minecraft:armor_stand":1,"minecraft:iron_shovel":2,"minecraft:beef":24,"minecraft:poppy":1,"minecraft:iron_pickaxe":1,"minecraft:sugar_cane":1,"minecraft:chest":1,"minecraft:furnace":3,"minecraft:stick":69,"minecraft:raw_iron":67,"minecraft:copper_ingot":2,"minecraft:torch":243,"minecraft:porkchop":26,"minecraft:diorite":313,"minecraft:black_dye":1,"minecraft:rotten_flesh":53,"minecraft:stone_sword":9,"minecraft:arrow":122,"minecraft:stone_shovel":11,"minecraft:hay_block":23,"minecraft:mutton":51,"minecraft:white_wool":20,"minecraft:cobblestone":1277,"minecraft:leather_chestplate":6,"minecraft:air":0,"minecraft:feather":6,"minecraft:cooked_beef":379,"minecraft:andesite":252,"minecraft:leather":25,"securitycraft:sc_manual":1,"minecraft:oak_log":136,"minecraft:gunpowder":1,"minecraft:lapis_lazuli":33,"minecraft:dirt":158,"minecraft:leather_boots":6,"minecraft:bone":8,"minecraft:bow":2,"minecraft:wheat_seeds":18,"cobblemon:black_apricorn":2,"minecraft:stone_pickaxe":13,"minecraft:rabbit_hide":7,"minecraft:iron_ingot":19,"minecraft:rabbit":1,"minecraft:stone_hoe":10,"minecraft:iron_sword":1,"minecraft:oak_planks":126,"cobblemon:chilan_berry":10,"minecraft:dandelion":1,"cobblemon:persim_berry":154,"minecraft:spider_eye":3,"minecraft:leather_helmet":14,"minecraft:sugar":2,"minecraft:polished_diorite":1,"cobblemon:poke_ball":644,"minecraft:stone_axe":13,"minecraft:granite":16,"minecraft:bone_meal":74,"cobblemon:medicinal_leek":14,"minecraft:oak_sapling":30,"minecraft:coal":83},"minecraft:dropped":{"minecraft:stone_hoe":3,"minecraft:black_dye":1,"minecraft:copper_ingot":58,"minecraft:coal":28,"minecraft:leather_helmet":6,"cobblemon:poke_ball":64,"minecraft:polished_diorite":1,"minecraft:stone_axe":4,"minecraft:stone_sword":4,"minecraft:raw_copper":60,"minecraft:stone_shovel":4,"minecraft:leather_chestplate":5,"minecraft:leather_boots":5,"minecraft:leather_leggings":6,"minecraft:stone_pickaxe":3},"minecraft:used":{"securitycraft:reinforced_red_concrete":57,"minecraft:stone_sword":38,"minecraft:iron_shovel":13,"minecraft:flint_and_steel":5,"minecraft:armor_stand":8,"minecraft:stone_shovel":25,"minecraft:chest":28,"minecraft:shield":4,"securitycraft:remote_access_mine":2,"minecraft:iron_sword":8,"minecraft:red_nether_brick_stairs":22,"minecraft:stone_hoe":145,"minecraft:netherrack":2,"cobblemon:pasture":3,"minecraft:torch":118,"minecraft:dirt":11,"securitycraft:reinforced_smooth_crystal_quartz_stairs":16,"securitycraft:reinforced_green_terracotta":57,"minecraft:polished_diorite":35,"minecraft:iron_axe":11,"cobblemon:energy_root":1,"cobblemon:pc":2,"securitycraft:sentry":1,"minecraft:bow":11,"minecraft:oak_sapling":15,"minecraft:furnace":3,"minecraft:cooked_beef":25,"cobblemon:blue_mint_seeds":1,"minecraft:water_bucket":4,"minecraft:diorite":2,"minecraft:leather_leggings":1,"minecraft:oak_planks":288,"minecraft:stone_pickaxe":571,"minecraft:leather_chestplate":1,"minecraft:cauldron":4,"minecraft:leather_boots":1,"cobblemon:persim_berry":2,"cobblemon:roasted_leek":4,"minecraft:crafting_table":6,"securitycraft:reinforced_red_stained_glass":11,"minecraft:white_bed":2,"minecraft:black_bed":1,"cobblemon:healing_machine":3,"cobblemon:chilan_berry":1,"minecraft:creeper_spawn_egg":1,"securitycraft:blast_furnace_mine":2,"securitycraft:floor_trap":1,"minecraft:wooden_hoe":1,"cobblemon:apricorn_log":1,"minecraft:iron_pickaxe":65,"minecraft:leather_helmet":1,"minecraft:cherry_sign":4,"minecraft:stone_axe":163,"minecraft:wooden_sword":8,"minecraft:diamond_sword":9,"minecraft:cobblestone":58,"cobblemon:medicinal_leek":12,"minecraft:andesite":1,"minecraft:golden_pickaxe":8,"minecraft:bone_meal":29}},"DataVersion":3465}