{"stats":{"minecraft:custom":{"minecraft:time_since_rest":10898,"minecraft:open_chest":5,"minecraft:crouch_one_cm":167,"minecraft:play_time":21846,"minecraft:sprint_one_cm":89652,"minecraft:walk_one_cm":40371,"minecraft:damage_taken":184,"minecraft:deaths":2,"minecraft:sneak_time":174,"minecraft:jump":305,"minecraft:leave_game":1,"minecraft:time_since_death":10836,"minecraft:total_world_time":21846,"minecraft:interact_with_crafting_table":1,"minecraft:fall_one_cm":9304,"minecraft:fly_one_cm":80580},"minecraft:used":{"minecraft:stone_axe":2,"minecraft:stone_sword":1,"minecraft:stone_shovel":1,"minecraft:cooked_beef":3},"minecraft:mined":{"minecraft:grass":2,"minecraft:grass_block":1,"minecraft:tall_grass":1},"minecraft:picked_up":{"minecraft:leather_leggings":1,"minecraft:mutton":3,"minecraft:stone_hoe":1,"minecraft:white_wool":1,"minecraft:dirt":1}},"DataVersion":3465}