{
  "uuid": "9cdff4cb-3a85-3279-8885-4366accf0730",
  "starterPrompted": true,
  "starterLocked": false,
  "starterSelected": false,
  "keyItems": [],
  "extraData": {},
  "advancementData": {
    "totalCaptureCount": 12,
    "totalEggsHatched": 0,
    "totalEvolvedCount": 3,
    "totalBattleVictoryCount": 36,
    "totalPvPBattleVictoryCount": 1,
    "totalPvWBattleVictoryCount": 35,
    "totalPvNBattleVictoryCount": 0,
    "totalShinyCaptureCount": 0,
    "totalTradedCount": 0,
    "totalTypeCaptureCounts": {
      "normal": 7,
      "flying": 3,
      "electric": 2,
      "fire": 1,
      "poison": 1,
      "rock": 1,
      "ground": 1,
      "fairy": 1
    },
    "totalDefeatedCounts": {
      "cobblemon:mudsdale": 1,
      "cobblemon:igglybuff": 1,
      "cobblemon:lechonk": 4,
      "cobblemon:miltank": 1,
      "cobblemon:pidgey": 3,
      "cobblemon:mareep": 2,
      "cobblemon:wooloo": 2,
      "cobblemon:bidoof": 1,
      "cobblemon:ponyta": 1,
      "cobblemon:diglett": 1,
      "cobblemon:patrat": 1,
      "cobblemon:dubwool": 2,
      "cobblemon:cottonee": 1,
      "cobblemon:bunnelby": 1,
      "cobblemon:zigzagoon": 3,
      "cobblemon:eevee": 1,
      "cobblemon:yanma": 1,
      "cobblemon:taillow": 2,
      "cobblemon:pidgeotto": 1,
      "cobblemon:watchog": 1
    },
    "aspectsCollected": {}
  }
}