{
  "uuid": "93079a91-2aed-3f53-a125-2d9535c5f68a",
  "starterPrompted": true,
  "starterLocked": false,
  "starterSelected": true,
  "starterUUID": "7e043f8d-e7e8-433b-8a3a-fe7a4aff7571",
  "keyItems": [],
  "extraData": {},
  "advancementData": {
    "totalCaptureCount": 2,
    "totalEggsHatched": 0,
    "totalEvolvedCount": 0,
    "totalBattleVictoryCount": 3,
    "totalPvPBattleVictoryCount": 0,
    "totalPvWBattleVictoryCount": 3,
    "totalPvNBattleVictoryCount": 0,
    "totalShinyCaptureCount": 0,
    "totalTradedCount": 0,
    "totalTypeCaptureCounts": {
      "grass": 1,
      "poison": 1,
      "fire": 1
    },
    "totalDefeatedCounts": {
      "cobblemon:cottonee": 1
    },
    "aspectsCollected": {}
  }
}